{"loss": 1.0638445615768433, "_timestamp": 1713162984.96678, "_runtime": 244.44079184532166, "_step": 16269, "DQN_performance": 1.4095, "DMC_performance": 1.4295, "Random_performance": -2.839, "_wandb": {"runtime": 243}}