{"loss": 0, "_timestamp": 1713090258.62627, "_runtime": 2.8829691410064697, "_step": 99, "DQN_performance": -2.006, "DMC_performance": 4.176, "Random_performance": -2.17, "_wandb": {"runtime": 2}}