{"loss": 1.0753268003463745, "_timestamp": 1713162727.7026, "_runtime": 223.9635410308838, "_step": 16336, "DQN_performance": 1.7965, "DMC_performance": 0.867, "Random_performance": -2.6635, "_wandb": {"runtime": 223}}