{"loss": 3.2580599784851074, "_timestamp": 1713163226.389148, "_runtime": 229.46243810653687, "_step": 16491, "DQN_performance": 1.55075, "DMC_performance": 0.94175, "Random_performance": -2.4925, "_wandb": {"runtime": 229}}