{"loss": 5.409380912780762, "_timestamp": 1713086891.927128, "_runtime": 2.4477131366729736, "_step": 116, "DQN_performance": -0.80625, "DMC_performance": 2.31675, "Random_performance": -1.5105}