{"loss": 0, "_timestamp": 1713086981.853287, "_runtime": 3.165168046951294, "_step": 99, "DQN_performance": -2.006, "DMC_performance": 4.176, "Random_performance": -2.17, "_wandb": {"runtime": 2}}