{"loss": 0, "_timestamp": 1713090242.675634, "_runtime": 2.93458890914917, "_step": 99, "DQN_performance": -2.006, "DMC_performance": 4.176, "Random_performance": -2.17, "_wandb": {"runtime": 2}}